{
    "collection": "tareas",
    "database": "esquema_tareas",
    "id": "5fd3cda570a9c0967f07beea",
    "roles": [
        {
            "name": "owner",
            "apply_when": {
                "usuario.idUsuario": "%%user.id"
            },
            "fields": {
                "descripcion": {},
                "estado": {},
                "prioridad": {},
                "titulo": {},
                "usuario": {}
            },
            "read": true,
            "insert": false,
            "delete": false,
            "search": true,
            "additional_fields": {}
        },
        {
            "name": "ADMIN",
            "apply_when": {
                "%%user.custom_data.rol": "ADMIN"
            },
            "fields": {
                "descripcion": {},
                "estado": {},
                "prioridad": {},
                "titulo": {},
                "usuario": {}
            },
            "write": true,
            "insert": true,
            "delete": true,
            "search": true,
            "additional_fields": {}
        }
    ],
    "schema": {}
}
