{
    "collection": "custom_user_data",
    "database": "esquema_tareas",
    "id": "5fd3d0f11919a2df044b2413",
    "roles": [
        {
            "name": "admin",
            "apply_when": {
                "%%user.custom_data.rol": "ADMIN"
            },
            "fields": {
                "direccion": {},
                "idUsuario": {},
                "nombre": {},
                "rol": {},
                "telefono": {}
            },
            "read": true,
            "insert": false,
            "delete": false,
            "search": true,
            "additional_fields": {}
        },
        {
            "name": "owner",
            "apply_when": {
                "idUsuario": "%%user.id"
            },
            "fields": {
                "direccion": {},
                "idUsuario": {},
                "nombre": {},
                "rol": {},
                "telefono": {}
            },
            "read": true,
            "write": true,
            "insert": true,
            "delete": true,
            "search": true,
            "additional_fields": {}
        }
    ],
    "schema": {}
}
